2,abc1@gmail.com,abc xzt,Chennai,abc bank,xyz,15847896523,1.59487263216459E+017
3,abc2@gmail.com,abc xzt,Lucknow,abc bank,xyz,15847896523,1.59487263216459E+017
